visitId,detectorId,date,flux,flux_err,psfFlux,psfFluxErr,scienceFlux,scienceFluxErr,magLim,skyBg,skyNoise,starEMedian,psfSigma,quality_flag,mag,mag_err,flux_calib_njy,flux_calib_err_njy
2025062900662,162,2025-06-30 06:40:37.466205,177074.03541959694,2182.575452573901,-3834.574951171875,406.0278625488281,61807.1328125,407.4096984863281,23.31662368774414,1683.9967041015625,42.41146469116211,0.04192512482404709,3.398944616317749,True,18.279612788169366,0.013382544667605103,177074.03541959694,2182.575452573901
2025062900663,162,2025-06-30 06:41:15.084805,180302.46039568237,2121.947149754972,-2891.22998046875,395.4228515625,61336.15234375,403.4212341308594,23.32563018798828,1636.14453125,41.71933364868164,0.07055500149726868,3.3943185806274414,True,18.25999586720706,0.012777833646952626,180302.46039568237,2121.947149754972
2025062900664,162,2025-06-30 06:41:52.712423,182003.76128278105,2127.6069513501307,-3186.1904296875,387.2597351074219,59868.34765625,391.37664794921875,23.366689682006836,1605.4462890625,41.263938903808594,0.13410936295986176,3.329211473464966,True,18.249799092022506,0.012692154713147955,182003.76128278105,2127.6069513501307
2025062900665,162,2025-06-30 06:42:30.317137,184808.49472125305,2119.5947642058964,-3468.94921875,392.77349853515625,61536.37890625,399.36016845703125,23.344663619995117,1634.11376953125,41.656620025634766,0.11087514460086823,3.351539373397827,True,18.23319517578522,0.012452462092639182,184808.49472125305,2119.5947642058964
2025070300404,156,2025-07-04 05:09:55.470839,185144.73808562796,3286.842198302703,,,,,22.5557804107666,3263.85400390625,57.910301208496094,0.025828270241618156,4.4475321769714355,True,18.231221565812596,0.019274885211015686,185144.73808562796,3286.842198302703
2025070300405,156,2025-07-04 05:10:32.994334,189431.51302896778,3342.3895960403206,,,,,22.477489471435547,3265.50732421875,57.79388427734375,0.07342801988124847,4.653411865234375,False,18.20636942980284,0.019157073376027657,189431.51302896778,3342.3895960403206
2025070300406,156,2025-07-04 05:11:10.971920,187344.31752846536,3299.8923594727294,,,,,22.594654083251953,3236.107177734375,57.54753112792969,0.0659990906715393,4.374593257904053,True,18.218398688150273,0.01912421285977832,187344.31752846536,3299.8923594727294
2025070300407,156,2025-07-04 05:11:48.738213,184573.48703782514,3093.122424294272,,,,,22.653120040893555,3266.98193359375,57.812232971191406,0.04386022686958313,4.172680854797363,True,18.23457670708518,0.018195002195073116,184573.48703782514,3093.122424294272
2025071700351,167,2025-07-18 04:29:01.729887,185668.48787263368,2589.0725952069242,-3140.9140625,424.009521484375,52776.42578125,431.1419982910156,23.202560424804688,2572.9677734375,51.5810432434082,0.10125645250082016,3.0111379623413086,True,18.228154498921075,0.015140155906755659,185668.48787263368,2589.0725952069242
2025071700352,167,2025-07-18 04:29:39.444875,179175.8227716377,2572.096524118738,-3235.362548828125,415.7088317871094,51189.9140625,421.6139831542969,23.23263168334961,2582.28759765625,51.69342803955078,0.08166898041963577,2.870932102203369,True,18.266801481456618,0.015585910393320697,179175.8227716377,2572.096524118738
2025072200574,152,2025-07-23 09:20:28.586942,185139.07109229683,2343.851459098404,-3336.268798828125,280.3827209472656,34560.01953125,279.4540710449219,23.727893829345703,2184.12451171875,47.67406463623047,0.06851118803024292,2.1892170906066895,True,18.2312547990228,0.013745366511262506,185139.07109229683,2343.851459098404
2025072200575,152,2025-07-23 09:21:06.197772,184939.56414107076,2385.1092723296906,-3580.278076171875,267.7481689453125,33006.09765625,268.180419921875,23.79511260986328,2187.77587890625,47.7110710144043,0.0295664444565773,2.001386880874634,True,18.2324254255892,0.014002409388708904,184939.56414107076,2385.1092723296906
2025080900287,100,2025-08-10 07:34:17.232754,186751.5314891735,3801.1650607112347,-2905.32421875,566.052490234375,51102.98046875,570.430419921875,22.835445404052734,6461.396484375,80.48237609863281,0.06485866010189056,2.832418203353882,False,18.221839569971902,0.02209921650315932,186751.5314891735,3801.1650607112347
2025080900301,180,2025-08-10 07:43:38.444313,182724.8161147305,3764.113416846261,,,,,22.653270721435547,6406.9912109375,79.99237060546875,0.04918524622917175,3.261219024658203,False,18.245506166240947,0.02236606008085812,182724.8161147305,3764.113416846261
2025080900303,136,2025-08-10 07:44:56.912020,181147.55225157147,3806.7600254897598,,,,,22.73636817932129,6422.93017578125,80.33638763427734,0.049458444118499756,3.038518190383911,False,18.25491882493778,0.022816411986402406,181147.55225157147,3806.7600254897598
2025080900304,98,2025-08-10 07:45:36.714541,181378.64068846626,3697.8377482820374,,,,,22.78015899658203,6423.05859375,80.08892822265625,0.04925352707505226,2.961078643798828,False,18.253534642932138,0.022135331411635113,181378.64068846626,3697.8377482820374
2025080900307,138,2025-08-10 07:47:36.499974,184015.02853213303,3824.4961453480323,-3735.281494140625,670.49169921875,57946.1484375,684.6649780273438,22.623416900634766,6411.576171875,80.32660675048828,0.04432235658168793,3.347510576248169,False,18.237866766633132,0.022565515235823085,184015.02853213303,3824.4961453480323
2025081600228,154,2025-08-17 04:00:24.621699,181651.07417583663,2333.165176343106,-3067.322265625,467.6313171386719,69320.1328125,478.1581115722656,23.113658905029297,2007.5057373046875,45.67747497558594,0.07346025854349136,3.6875932216644287,True,18.251905074089468,0.01394542760140509,181651.07417583663,2333.165176343106
2025082600437,154,2025-08-27 06:48:02.447558,179091.62987852807,1855.8966687213474,-4306.1591796875,320.9181823730469,56714.35546875,320.3963317871094,23.656572341918945,1076.270263671875,33.80183029174805,0.09891004860401154,3.2331008911132812,True,18.267311777735216,0.011251303072552796,179091.62987852807,1855.8966687213474
2025082800166,185,2025-08-29 03:50:59.102742,176440.47506112736,2072.9031534145724,-3784.267333984375,365.4911804199219,53221.40625,364.64471435546875,23.56988525390625,1413.0535888671875,39.656917572021484,0.08628825843334198,2.9955224990844727,True,18.28350445391526,0.012755724001761911,176440.47506112736,2072.9031534145724
2025090200360,46,2025-09-03 08:18:30.214665,156941.4581760993,21609.466623505694,,,,,21.03016471862793,3200.9638671875,56.036197662353516,0.06801161915063858,2.3694231510162354,False,18.41065579146665,0.14949638260864337,156941.4581760993,21609.466623505694
2025090200362,15,2025-09-03 08:19:48.029544,199153.6561296368,13988.48113716652,,,,,21.58882713317871,3118.3154296875,55.36598587036133,0.026739193126559258,2.179849863052368,False,18.152029290644144,0.07626172029857957,199153.6561296368,13988.48113716652
2025090500256,47,2025-09-06 08:45:19.240165,184578.13700797778,3693.7500469461143,,,,,22.999465942382812,6745.76025390625,82.07435607910156,0.0379614494740963,2.3693082332611084,False,18.23454935441697,0.021727590397789626,184578.13700797778,3693.7500469461143
2025090500259,10,2025-09-06 08:47:18.181693,178833.57653481181,3846.8233442347396,-3284.12060546875,509.3608093261719,41585.08984375,513.4668579101562,22.98090362548828,6646.13525390625,83.43006134033203,0.02010142244398594,2.3711676597595215,False,18.268877344515968,0.023354872496951798,178833.57653481181,3846.8233442347396
2025090600390,59,2025-09-07 06:28:59.033095,185029.48841192757,3931.7782539624636,-3089.79833984375,532.6626586914062,43447.76171875,545.9558715820312,22.87458610534668,7669.3046875,87.67186737060547,0.034019965678453445,2.4651126861572266,False,18.231897629884102,0.02307131709678642,185029.48841192757,3931.7782539624636
2025090600391,55,2025-09-07 06:29:42.560833,186806.00121491303,3902.44380040654,-3627.0361328125,539.6797485351562,42904.2734375,545.6795043945312,22.865001678466797,7788.224609375,88.1476821899414,0.07457025349140167,2.4997878074645996,False,18.221522940009766,0.022681415444789462,186806.00121491303,3902.44380040654
2025090600399,68,2025-09-07 06:34:52.919314,182915.77614611844,4610.559760048762,-4040.467041015625,642.37353515625,43054.1015625,647.8228759765625,22.794858932495117,7741.96484375,97.78689575195312,0.09591063857078552,2.7079360485076904,False,18.24437208953842,0.027366975999309512,182915.77614611844,4610.559760048762
2025090600401,69,2025-09-07 06:36:13.157288,181935.37271570813,4017.5696397079655,-3144.328125,620.1600952148438,48847.94140625,630.7196044921875,22.71685028076172,7709.845703125,88.37831115722656,0.10230788588523865,2.863034963607788,False,18.25020713796866,0.023975660960576902,181935.37271570813,4017.5696397079655
2025090600402,101,2025-09-07 06:36:50.795058,180366.86755928973,4075.891175448777,,,,,22.769567489624023,7705.78125,89.26714324951172,0.06859198212623596,2.741291046142578,False,18.259608092674004,0.024535230198995495,180366.86755928973,4075.891175448777
2025090600403,101,2025-09-07 06:37:29.751226,177741.0372001283,4101.915555894487,,,,,22.790340423583984,7732.3564453125,89.4272689819336,0.12396455556154251,2.6441705226898193,False,18.27553072463426,0.025056668387057196,177741.0372001283,4101.915555894487
2025091500079,185,2025-09-16 03:02:52.246922,181848.60883841733,2403.2740247029346,-2537.446533203125,357.0176086425781,46092.44140625,356.22247314453125,23.569433212280273,1992.93115234375,46.723690032958984,0.4316451847553253,2.6868414878845215,False,18.250725042491137,0.014348867639088114,181848.60883841733,2403.2740247029346
2025091500080,181,2025-09-16 03:03:32.042222,183775.2822332302,2242.87030984193,-2859.767822265625,324.4842224121094,46311.25390625,323.911376953125,23.57036018371582,2003.274658203125,45.19295883178711,0.297076940536499,2.671700954437256,False,18.23928225402323,0.013250778169841064,183775.2822332302,2242.87030984193
2025091500086,182,2025-09-16 03:07:28.502215,182576.8587960437,2328.765454122015,-3615.41357421875,373.1183166503906,55033.16796875,377.9428405761719,23.390045166015625,1920.1085205078125,45.713504791259766,0.2557050883769989,3.289353132247925,False,18.246385672892433,0.01384855113952189,182576.8587960437,2328.765454122015
2025091800202,18,2025-09-19 06:13:14.902486,177267.5725002893,2084.298938675517,-3191.635498046875,343.6337890625,50921.92578125,342.04962158203125,23.720705032348633,1349.6148681640625,38.67780303955078,0.07448659837245941,2.940401077270508,True,18.278426756206596,0.012766005577558522,177267.5725002893,2084.298938675517
2025091800203,22,2025-09-19 06:13:53.201271,181674.94178140117,1932.436296026766,-3146.4443359375,355.4812927246094,57645.453125,356.0060729980469,23.53676414489746,1380.712646484375,36.96752166748047,0.07882439345121384,3.2928576469421387,True,18.251762425766024,0.01154873660292402,181674.94178140117,1932.436296026766
2025091800205,55,2025-09-19 06:15:09.321636,182868.1145292105,1903.197429642393,-2885.2626953125,293.89117431640625,48512.890625,293.5382995605469,23.727354049682617,1363.2628173828125,37.265655517578125,0.04049268364906311,2.8638408184051514,True,18.24465503225223,0.011299784872202456,182868.1145292105,1903.197429642393
2025091800212,25,2025-09-19 06:19:42.438438,180076.6136787415,1953.4422270702962,-3712.19482421875,232.66940307617188,33743.3046875,231.18177795410156,24.045330047607422,1328.6328125,37.1751823425293,0.1492128223180771,2.1115572452545166,True,18.26135671197886,0.011777892234342653,180076.6136787415,1953.4422270702962
2025091800213,63,2025-09-19 06:20:21.951036,181945.2416774373,1941.1914347026557,-3298.09716796875,262.5290222167969,40502.68359375,260.9748840332031,23.928815841674805,1330.822265625,37.53525924682617,0.17961859703063965,2.3979477882385254,False,18.250148244536955,0.011583824900238718,181945.2416774373,1941.1914347026557
2025091800218,63,2025-09-19 06:23:36.336351,183296.8416731099,1995.1908460134437,-3397.79833984375,245.49917602539062,36718.96875,243.9185791015625,23.981731414794922,1353.333251953125,37.77275848388672,0.06015395373106003,2.2656216621398926,True,18.242112545392565,0.011818266573201909,183296.8416731099,1995.1908460134437
2025092100059,178,2025-09-22 02:05:46.606942,190811.74185479322,2826.23567390864,,,,,22.643774032592773,2400.668701171875,49.43022155761719,0.03562047705054283,5.038673400878906,True,18.19848725979992,0.01608153861242328,190811.74185479322,2826.23567390864
2025102400259,171,2025-10-25 04:04:26.006675,221149.26948504307,2358.733364134361,32221.447265625,468.9162902832031,99991.4921875,477.5880432128906,23.18385124206543,2129.44677734375,46.72414016723633,0.050381433218717575,3.420260190963745,True,18.03828622720597,0.011580242687551907,221149.26948504307,2358.733364134361
2025110300240,36,2025-11-04 04:55:57.272201,201058.70430727932,3568.902213079149,18033.427734375,754.843505859375,99760.0234375,771.0706787109375,22.512939453125,5624.92626953125,75.37229919433594,0.024752171710133553,4.494386672973633,False,18.141692801294596,0.019272412787756904,201058.70430727932,3568.902213079149
2025110300241,36,2025-11-04 04:56:34.934639,200077.7234087789,3591.0156095176217,18025.9296875,774.7352905273438,101967.5859375,794.5684814453125,22.49117660522461,5691.6796875,75.8370132446289,0.0371449813246727,4.546512126922607,False,18.14700315721015,0.01948690535197178,200077.7234087789,3591.0156095176217
2025110500305,5,2025-11-06 05:40:56.058509,198727.70871757352,3721.83762891241,14894.71875,687.9816284179688,81164.859375,700.624267578125,22.640417098999023,5861.38623046875,77.31453704833984,0.0778006985783577,3.478911876678467,False,18.15435393685344,0.020334023312693763,198727.70871757352,3721.83762891241
2025111800149,87,2025-11-19 04:28:15.648387,203044.49440608453,2433.3075611966033,14534.1005859375,398.9133605957031,69955.765625,401.3096923828125,23.382415771484375,1765.41748046875,42.32036209106445,0.10217411071062088,3.189362049102783,True,18.13102195499991,0.013011582137356837,203044.49440608453,2433.3075611966033
2025111900108,12,2025-11-20 02:45:05.135894,201124.37736585026,2337.2392666395262,12634.0966796875,329.2792053222656,56336.79296875,329.8830871582031,23.66070556640625,2004.1895751953125,45.51560974121094,0.08873428404331207,2.283874273300171,True,18.141338218413065,0.012617194017992503,201124.37736585026,2337.2392666395262
2025112100154,46,2025-11-22 03:24:24.177277,201217.50070780917,2386.7757004269115,11604.8203125,301.0423583984375,49002.50390625,301.6335754394531,23.7546329498291,2328.0283203125,48.49357604980469,0.07606565207242966,1.9583998918533325,True,18.140835624021637,0.012878645154993068,201217.50070780917,2386.7757004269115
2025112700032,11,2025-11-28 01:46:33.659327,195134.18513453088,2693.3169878543126,7226.796875,272.68389892578125,37421.5546875,274.9595031738281,23.84387969970703,2968.84423828125,56.15637969970703,0.16441990435123444,1.7166496515274048,False,18.17416660208061,0.014985748204946725,195134.18513453088,2693.3169878543126
2025112800035,24,2025-11-29 01:18:58.721527,193189.2684084361,2491.582306042062,6564.998046875,304.2777099609375,43800.421875,305.560546875,23.701284408569336,2736.60791015625,52.48297119140625,0.034572213888168335,1.9562585353851318,True,18.185042505366077,0.014002853984028478,193189.2684084361,2491.582306042062
2025121400755,36,2025-12-15 03:08:34.868741,184876.46215776427,2318.3325471438066,2425.0625,422.6065368652344,68770.3828125,428.74652099609375,23.259069442749023,1876.46435546875,43.851417541503906,0.04171879589557648,3.3662314414978027,True,18.232795945543234,0.013615024604674657,184876.46215776427,2318.3325471438066
2025121400766,13,2025-12-15 03:18:54.605066,188192.2442908742,2198.5016735657073,2225.101318359375,316.5386657714844,49660.21875,319.72833251953125,23.65448570251465,1786.8360595703125,43.113582611083984,0.11572213470935822,2.4835903644561768,True,18.213495696308584,0.012683800398927369,188192.2442908742,2198.5016735657073
2025121400767,12,2025-12-15 03:19:34.482786,190405.65295481824,2190.6664839175874,,,,,23.682586669921875,1803.9619140625,43.16279220581055,0.10394860059022903,2.407646417617798,True,18.20080040497025,0.012491676991879612,190405.65295481824,2190.6664839175874
2025121400770,36,2025-12-15 03:21:51.557575,191765.81941611867,2212.542889706638,2261.860107421875,316.603515625,48847.9140625,318.9559631347656,23.66152572631836,1789.3408203125,42.81254196166992,0.06348865479230881,2.46829891204834,True,18.193071998672444,0.012526934816897572,191765.81941611867,2212.542889706638
2025121600074,16,2025-12-17 04:54:46.682962,184696.76334637936,2492.607976046251,1967.9718017578125,361.5723876953125,49685.94921875,363.3860168457031,23.420299530029297,2508.7158203125,50.598487854003906,0.17468424141407013,2.610774040222168,False,18.233851787835825,0.014652745802517884,184696.76334637936,2492.607976046251
2025121600076,14,2025-12-17 04:56:07.389452,190257.53160088963,2633.0322954609755,,,,,23.509937286376953,2455.39013671875,50.22340774536133,0.07652629911899567,2.2815001010894775,True,18.201645355211298,0.015025836125511983,190257.53160088963,2633.0322954609755
2026010100036,9,2026-01-02 02:24:34.452058,189321.9808527545,3412.3244093581393,,,,,23.282983779907227,4924.8046875,72.04430389404297,0.1273748129606247,2.1561195850372314,False,18.20699740052542,0.0195692234833604,189321.9808527545,3412.3244093581393
2026010200050,17,2026-01-03 01:45:54.178735,187767.881526328,3344.6744775466673,,,,,23.34827995300293,4939.10595703125,70.48577117919922,0.04655821993947029,2.029418468475342,False,18.215946733966316,0.019340017812863878,187767.881526328,3344.6744775466673
2026010200052,73,2026-01-03 01:48:54.721657,183457.2724269163,3279.187075990993,,,,,23.269149780273438,4953.921875,71.18159484863281,0.10312878340482712,2.204988718032837,False,18.24116266926479,0.019406873783085893,183457.2724269163,3279.187075990993
2026010400103,17,2026-01-05 01:35:34.814508,188512.05977423064,2903.157296534888,,,,,23.369815826416016,3894.86669921875,62.74455261230469,0.05316341295838356,2.583125591278076,True,18.211652153090196,0.01672074979569314,188512.05977423064,2903.157296534888
2026010600046,2,2026-01-07 03:31:49.444837,188472.2472614276,3661.664661378279,,,,,22.952877044677734,5119.91357421875,74.49740600585938,0.09580103307962418,2.8081130981445312,False,18.211881477684916,0.021093831852215906,188472.2472614276,3661.664661378279
2026010600047,2,2026-01-07 03:32:23.997563,186789.27342142188,3769.7203779438214,,,,,22.879003524780273,5157.0341796875,74.6931381225586,0.08525985479354858,2.935253381729126,False,18.221620168065172,0.021911975035707323,186789.27342142188,3769.7203779438214
2026010600048,2,2026-01-07 03:32:58.464243,181905.14959503966,3507.298587687748,,,,,22.952417373657227,5162.068359375,74.75978088378906,0.09375245869159698,2.761949300765991,False,18.250387515548358,0.020933992611133215,181905.14959503966,3507.298587687748
2026010600049,2,2026-01-07 03:33:32.604179,180326.59453027585,3638.509814450053,,,,,22.967838287353516,5155.29638671875,74.7164535522461,0.09992510825395584,2.76128888130188,False,18.259850547225877,0.021907261362122298,180326.59453027585,3638.509814450053
2026010600050,2,2026-01-07 03:34:06.754602,183810.0721979077,3511.2904595592145,,,,,22.965423583984375,5138.78662109375,74.62358093261719,0.056060053408145905,2.732790946960449,False,18.23907673590957,0.02074062172860974,183810.0721979077,3511.2904595592145
2025071300498,165,2025-07-14 05:15:47.231214,180504.55951588863,3705.1860166888187,,,,,22.53493881225586,5429.83837890625,76.80948638916016,0.055792029947042465,4.15363073348999,False,18.25877955852903,0.022286720149739505,180504.55951588863,3705.1860166888187
2025071300499,165,2025-07-14 05:16:24.955712,176839.97221322724,3643.9872441868447,-4592.09716796875,767.6728515625,77942.859375,796.8615112304688,22.527345657348633,5418.1162109375,76.6913833618164,0.09244576096534729,4.096931457519531,False,18.281048905016558,0.022372820076673416,176839.97221322724,3643.9872441868447
2025071300500,165,2025-07-14 05:17:02.573568,178423.46279546065,3706.482025081536,,,,,22.46315574645996,5419.951171875,76.74075317382812,0.04694603756070137,4.206238746643066,False,18.271370090530493,0.022554554562869044,178423.46279546065,3706.482025081536
2025071300501,165,2025-07-14 05:17:40.192481,178741.63899274336,3830.0852415974646,,,,,22.516990661621094,5434.1826171875,76.83380126953125,0.03408590331673622,3.948075294494629,False,18.269435660170213,0.023265212501945232,178741.63899274336,3830.0852415974646
2025082800167,184,2025-08-29 03:52:07.287174,183244.29591958463,1994.5030537623925,-2752.38818359375,329.14312744140625,51014.95703125,328.0910949707031,23.57834815979004,1450.365478515625,39.52961349487305,0.10700733959674835,2.9007742404937744,True,18.24242383829559,0.011817580269569725,183244.29591958463,1994.5030537623925
2025090500265,26,2025-09-06 08:51:13.635192,180704.8286656803,3766.7062930741536,-2965.65771484375,439.84759521484375,35262.77734375,440.39825439453125,23.099895477294922,6716.896484375,83.40364074707031,0.054251592606306076,2.145251989364624,False,18.257575605940758,0.022631655309261835,180704.8286656803,3766.7062930741536
2025092100063,175,2025-09-22 02:08:24.261135,186719.88357209763,2612.82623970792,-3397.544921875,590.5317993164062,86515.59375,619.2220458984375,22.74448013305664,2374.30126953125,49.43100357055664,0.06382877379655838,4.696639060974121,True,18.22202358024991,0.015193025996599609,186719.88357209763,2612.82623970792
2025112600188,5,2025-11-27 03:32:22.829654,194274.95158567443,2243.8510191005294,7560.220703125,267.1697082519531,46455.4609375,268.7391662597656,23.821550369262695,3200.985107421875,57.59574890136719,0.13859513401985168,2.1990785598754883,True,18.178957976490537,0.012540115283191836,194274.95158567443,2243.8510191005294
2026010100038,12,2026-01-02 02:25:54.408032,182587.03708951664,3262.186682321946,,,,,23.32979965209961,4970.37158203125,71.14627838134766,0.20732754468917847,2.065089702606201,False,18.246325146965013,0.019398278454676246,182587.03708951664,3262.186682321946
2025072100317,170,2025-07-22 04:25:08.690077,179631.1456186023,2210.782408970523,-3397.85546875,293.52813720703125,38799.984375,295.47149658203125,23.731412887573242,1730.048828125,44.047264099121094,0.11505398154258728,2.1997509002685547,True,18.264045900831285,0.0133625296103056,179631.1456186023,2210.782408970523
2025072100318,170,2025-07-22 04:25:46.320468,181714.77892669875,2184.422583622291,-3556.068115234375,301.9046936035156,40028.16015625,301.4314270019531,23.68712615966797,1742.29638671875,44.17338180541992,0.12994436919689178,2.3226749897003174,True,18.251524374832538,0.013051809542066622,181714.77892669875,2184.422583622291
2025072100319,170,2025-07-22 04:26:24.027678,182601.74323717097,2225.881086781695,-2964.1416015625,294.4335632324219,39870.65625,295.2595520019531,23.72694969177246,1734.6107177734375,44.065608978271484,0.13320313394069672,2.247248888015747,True,18.24623770179797,0.013234921203716653,182601.74323717097,2225.881086781695
2025072100320,170,2025-07-22 04:27:01.740983,182690.5510947602,2270.338511043945,-3490.382080078125,310.75665283203125,41851.2578125,310.52813720703125,23.650352478027344,1721.5177001953125,43.94267654418945,0.059779856353998184,2.381157159805298,True,18.2457097853341,0.013492699560682284,182690.5510947602,2270.338511043945
2025080900286,22,2025-08-10 07:33:37.236012,184814.16651773016,3740.547058563304,,,,,22.65220832824707,6408.748046875,78.68740844726562,0.1465327888727188,3.511866807937622,False,18.23316185491273,0.02197476223606533,184814.16651773016,3740.547058563304
2025080900291,61,2025-08-10 07:37:00.805755,185546.8503123545,3709.422978923979,,,,,22.72316551208496,6446.4970703125,80.75248718261719,0.06245017051696777,3.048537015914917,False,18.228866033678376,0.021705864692392197,185546.8503123545,3709.422978923979
2025080900292,107,2025-08-10 07:37:39.962626,183332.23238552755,3826.206820298871,,,,,22.629940032958984,6442.39697265625,80.62520599365234,0.04034915193915367,3.3382482528686523,False,18.24190293311344,0.022659688466319616,183332.23238552755,3826.206820298871
2025080900293,154,2025-08-10 07:38:19.747435,183080.24922892507,3894.224456071976,-4084.67919921875,710.6883544921875,65176.41015625,728.9502563476562,22.565004348754883,6456.3837890625,81.54527282714844,0.04079928621649742,3.4739012718200684,False,18.243396262587574,0.023094246917508977,183080.24922892507,3894.224456071976
2025080900296,105,2025-08-10 07:40:18.878850,182997.49291073313,3702.341338383233,,,,,22.776233673095703,6443.8515625,80.62479400634766,0.07864706218242645,2.9344356060028076,False,18.24388715029814,0.021966235545184225,182997.49291073313,3702.341338383233
2025080900306,184,2025-08-10 07:46:57.179326,181559.95071418793,3808.7724117741786,-3303.407470703125,651.0913696289062,59416.91796875,659.6567993164062,22.69713020324707,6376.95166015625,82.06848907470703,0.06326377391815186,3.1494312286376953,False,18.252449859554176,0.022776620542583188,181559.95071418793,3808.7724117741786
2025081600230,157,2025-08-17 04:01:40.492623,183351.78931726317,2327.93267646859,-3183.240478515625,373.5491027832031,50843.98046875,377.567626953125,23.3907413482666,1995.469970703125,45.93428039550781,0.06505021452903748,2.9645535945892334,True,18.241787118583204,0.013785089300153708,183351.78931726317,2327.93267646859
2025082800168,179,2025-08-29 03:53:14.002125,181265.56745565275,2002.2308109655933,-3223.8212890625,325.10040283203125,48956.3359375,326.36395263671875,23.59165382385254,1487.90576171875,40.39967346191406,0.11156150698661804,2.8130276203155518,True,18.25421171265434,0.011992870528372277,181265.56745565275,2002.2308109655933
2025090200364,12,2025-09-03 08:21:06.598620,179902.88151646574,6549.842249084052,,,,,22.336538314819336,2957.30419921875,54.88145065307617,0.03074817545711994,2.3806586265563965,False,18.262404701187556,0.03952911040301538,179902.88151646574,6549.842249084052
2025090500229,16,2025-09-06 07:58:23.976351,179608.8509428127,3481.1217925583833,-2836.725341796875,383.3551330566406,33854.34765625,383.252197265625,23.271862030029297,5587.3095703125,75.20164489746094,0.04389261454343796,2.0420031547546387,False,18.26418066386959,0.021043394818869868,179608.8509428127,3481.1217925583833
2025090500255,9,2025-09-06 08:44:41.621048,176628.1194200414,3753.344113096439,-3420.007080078125,504.2787170410156,41518.52734375,507.84429931640625,22.959911346435547,6642.2177734375,83.76000213623047,0.0642077773809433,2.40436053276062,False,18.28235038755842,0.02307187330015926,176628.1194200414,3753.344113096439
2025090500264,11,2025-09-06 08:50:34.552958,184350.42689874893,3948.3374124626775,-3222.207275390625,493.9736022949219,39275.98828125,500.4311218261719,22.985185623168945,6614.07763671875,84.15264892578125,0.07290703058242798,2.391774892807007,False,18.23588963091146,0.023253826689895517,184350.42689874893,3948.3374124626775
2025091500071,159,2025-09-16 02:57:37.162310,182787.3467712241,2197.3264549616165,-2842.974609375,296.3262023925781,39614.0234375,297.0062255859375,23.66938591003418,2007.143310546875,45.747581481933594,0.2137414664030075,2.3816797733306885,False,18.24513467765469,0.013051871083891893,182787.3467712241,2197.3264549616165
2025091800208,25,2025-09-19 06:17:06.628705,181214.46984335512,1915.2246053703657,-3483.238037109375,236.99203491210938,35469.34375,236.67466735839844,23.972015380859375,1331.943115234375,37.312252044677734,0.076478011906147,2.2986764907836914,True,18.254517817941842,0.011474959456006469,181214.46984335512,1915.2246053703657
2025091800211,23,2025-09-19 06:19:04.714612,180951.62108255323,1992.4418480803263,-3572.089599609375,247.10154724121094,36268.01171875,245.93031311035156,23.96973419189453,1352.935791015625,38.81659698486328,0.13682319223880768,2.254148244857788,True,18.256093804613354,0.011954942638226423,180951.62108255323,1992.4418480803263
2025091800217,59,2025-09-19 06:22:56.527527,184530.09740090722,1953.9313543435783,-2840.334228515625,237.74244689941406,36779.58203125,238.510009765625,24.010086059570312,1343.95361328125,37.258689880371094,0.145810067653656,2.1908483505249023,True,18.234831972554908,0.011496520312422912,184530.09740090722,1953.9313543435783
2025110500303,7,2025-11-06 05:39:38.175030,200509.33039166412,3697.0538750838537,15480.3720703125,607.694580078125,73424.515625,616.56982421875,22.79015350341797,5871.701171875,78.06964111328125,0.04703812673687935,2.9879961013793945,False,18.144663533378417,0.020019144422252562,200509.33039166412,3697.0538750838537
2025110500304,7,2025-11-06 05:40:16.206767,202754.96525450418,3828.002747975034,15931.447265625,667.7169799804688,79625.6640625,679.8607788085938,22.620519638061523,5869.45361328125,78.0141372680664,0.05486555024981499,3.4661448001861572,False,18.13257125393593,0.02049864066299493,202754.96525450418,3828.002747975034
2025110900314,8,2025-11-10 05:02:46.749683,199161.71227057767,2745.2255630478057,15000.2119140625,405.7467346191406,62767.796875,407.5242919921875,23.337785720825195,3330.02685546875,58.64402770996094,0.11621379107236862,2.4561045169830322,True,18.151985371455556,0.014965681656618539,199161.71227057767,2745.2255630478057
2025111100198,16,2025-11-12 05:49:38.322543,201844.28681413975,2462.9828274432775,15303.0546875,369.7962646484375,63667.09765625,371.9759216308594,23.430240631103516,2347.0859375,49.50318908691406,0.15888430178165436,2.6678788661956787,False,18.137458846872807,0.01324857725557075,201844.28681413975,2462.9828274432775
2025112600187,2,2025-11-27 03:31:35.900384,193347.0583583875,2317.518254192433,8270.357421875,319.48529052734375,53384.78125,317.7132263183594,23.626440048217773,3209.29443359375,59.721134185791016,0.13597911596298218,2.5435686111450195,True,18.18415607757618,0.013013973396484432,193347.0583583875,2317.518254192433
2025121400757,5,2025-12-15 03:09:54.745108,186907.28587931299,2183.2119315517084,1954.5430908203125,361.95477294921875,53829.9765625,360.9554748535156,23.454805374145508,1868.1029052734375,44.166038513183594,0.05666844919323921,3.0195541381835938,True,18.220934422375443,0.012682182107529994,186907.28587931299,2183.2119315517084
2025121400768,15,2025-12-15 03:20:14.346523,187744.66181255135,2215.1399556838355,1973.2940673828125,301.084228515625,46308.4375,301.3167724609375,23.694232940673828,1823.6181640625,43.166725158691406,0.08366359770298004,2.3812437057495117,True,18.216081006359563,0.012810258492960637,187744.66181255135,2215.1399556838355
2025121400771,29,2025-12-15 03:22:31.713295,184646.88488876823,2213.7683550444667,2241.478271484375,307.7076721191406,47230.703125,310.1100769042969,23.689271926879883,1789.183837890625,43.20046615600586,0.051660966128110886,2.3560242652893066,True,18.234145036943286,0.013017108051768879,184646.88488876823,2213.7683550444667
2025121600075,16,2025-12-17 04:55:26.736890,193258.95475184015,2570.2903978199765,,,,,23.490388870239258,2470.0654296875,50.40119171142578,0.1507548689842224,2.401597738265991,False,18.18465093421995,0.014439989832495727,193258.95475184015,2570.2903978199765
2025121600077,14,2025-12-17 04:56:47.440110,185137.60744109328,2495.926310407702,2144.87109375,317.2900085449219,39837.76171875,316.8700256347656,23.57550048828125,2416.732421875,49.86970901489258,0.03950032591819763,2.1482903957366943,True,18.231263382545308,0.014637315438357144,185137.60744109328,2495.926310407702
2025071700349,167,2025-07-18 04:27:42.322377,179869.65325296883,2732.9258795551636,-2938.130126953125,492.8725891113281,64853.46484375,504.0749816894531,23.045791625976562,2561.82958984375,51.650081634521484,0.16185325384140015,3.5956363677978516,False,18.262605256401287,0.016496593609264216,179869.65325296883,2732.9258795551636
2025071700350,167,2025-07-18 04:28:20.052011,180628.7967946141,2633.761707321303,-3339.59326171875,451.88427734375,56970.26953125,457.6221618652344,23.143081665039062,2575.693359375,51.81779098510742,0.20457306504249573,3.213244915008545,False,18.258032527469968,0.01583119907284677,180628.7967946141,2633.761707321303
2025080900289,21,2025-08-10 07:35:39.001206,184372.29083792854,3762.681765251583,-3875.359375,593.5369262695312,53433.71875,604.5709838867188,22.778762817382812,6378.2294921875,80.71028900146484,0.07636760175228119,2.926605463027954,False,18.235760870359247,0.022157775449609264,184372.29083792854,3762.681765251583
2025080900295,101,2025-08-10 07:39:39.165470,178657.73002851492,3775.5482850040507,,,,,22.68682861328125,6436.33056640625,81.45040130615234,0.04800034314393997,3.142754077911377,False,18.269945470818676,0.022944708102958074,178657.73002851492,3775.5482850040507
2025081600231,157,2025-08-17 04:02:17.918138,181677.67038058018,2270.9870645244396,-2834.895263671875,414.1007995605469,57343.1484375,420.79986572265625,23.264175415039062,1987.88818359375,45.85493850708008,0.06987607479095459,3.254133939743042,True,18.251746119077602,0.013571799282357662,181677.67038058018,2270.9870645244396
2025090200363,12,2025-09-03 08:20:27.079825,174447.77065557742,7068.1974516405335,,,,,22.413137435913086,2962.25341796875,54.654449462890625,0.06873036921024323,2.052006721496582,False,18.295836440549238,0.04399137831790868,174447.77065557742,7068.1974516405335
2025090500262,22,2025-09-06 08:49:16.740068,180780.77557674627,3885.516448061245,-3898.36376953125,505.1251525878906,40585.703125,507.75433349609375,22.973838806152344,6709.03466796875,80.82701873779297,0.04354620724916458,2.4156594276428223,False,18.257119386875715,0.023335699652712108,180780.77557674627,3885.516448061245
2025090500266,25,2025-09-06 08:51:53.281440,184370.58397303987,3748.187605679942,-3103.240966796875,455.7778015136719,38068.84765625,458.8404235839844,23.06553077697754,6655.75390625,82.47013854980469,0.05617322400212288,2.1947691440582275,False,18.235770921834856,0.022072626218439927,184370.58397303987,3748.187605679942
2025090600393,55,2025-09-07 06:31:00.092022,186359.3883012554,3983.3878268133703,-3054.281005859375,518.67724609375,41728.65234375,520.3988037109375,22.92332649230957,7765.71044921875,88.1690902709961,0.06244806572794914,2.384671926498413,False,18.22412180933161,0.023207354459506703,186359.3883012554,3983.3878268133703
2025090600395,56,2025-09-07 06:32:17.290953,174808.41354758508,3984.3258665931744,-2944.431396484375,576.8702392578125,47657.26953125,583.0684204101562,22.815279006958008,7746.35595703125,89.63168334960938,0.10889531672000885,2.687074661254883,False,18.293594171397125,0.024746674128113093,174808.41354758508,3984.3258665931744
2025090600407,68,2025-09-07 06:40:08.018294,180242.80907346134,4381.596799388143,,,,,22.731096267700195,8033.92724609375,100.0233154296875,0.03733576089143753,2.6561479568481445,False,18.260355131944515,0.026393609288507813,180242.80907346134,4381.596799388143
2025091500070,159,2025-09-16 02:56:58.290849,184952.14185249415,2271.154698854297,-3365.283935546875,281.57086181640625,36021.203125,282.07623291015625,23.777067184448242,2011.6663818359375,45.83436584472656,0.2637757956981659,2.123415946960449,False,18.23235158734709,0.013332502443357907,184952.14185249415,2271.154698854297
2025091500084,150,2025-09-16 03:06:09.461534,184587.94776641668,2196.620589079283,-3090.152099609375,319.31268310546875,44811.21875,319.2582702636719,23.580310821533203,1971.1246337890625,44.73014831542969,0.37054017186164856,2.765502452850342,False,18.23449164653927,0.012920402066003235,184587.94776641668,2196.620589079283
2025091500088,173,2025-09-16 03:08:45.561000,182751.4834831644,2277.447105973219,-2825.37255859375,339.2693786621094,48174.875,336.8562316894531,23.43926429748535,1902.88330078125,45.27061462402344,0.17842842638492584,3.1144275665283203,False,18.245347722437735,0.013530433407423154,182751.4834831644,2277.447105973219
2025091800209,63,2025-09-19 06:17:46.249908,181645.18406330684,1961.3513327617643,-3209.48974609375,256.81610107421875,39007.09765625,255.43936157226562,23.928932189941406,1351.57763671875,37.853023529052734,0.0654866024851799,2.394099235534668,True,18.25194028011364,0.011723460565229637,181645.18406330684,1961.3513327617643
2025091800210,66,2025-09-19 06:18:24.641132,178223.39014708632,1913.5536161852324,-3416.34375,292.4609375,45816.59375,290.0658874511719,23.750951766967773,1379.3662109375,37.853233337402344,0.12334651499986649,2.723789930343628,True,18.27258824871087,0.011657361242671402,178223.39014708632,1913.5536161852324
2025091800216,64,2025-09-19 06:22:18.881337,183772.2161831535,1989.3220322273967,-3646.53955078125,247.65777587890625,36424.34375,247.9912872314453,23.99346160888672,1348.31689453125,38.57842254638672,0.10502701252698898,2.2242138385772705,True,18.239300368262008,0.011753022291246112,183772.2161831535,1989.3220322273967
2025092100065,183,2025-09-22 02:09:43.220046,186092.60768561932,2778.768989556152,,,,,22.720165252685547,2392.4052734375,50.60615921020508,0.08380133658647537,4.693355083465576,True,18.22567719593596,0.016212412379739166,186092.60768561932,2778.768989556152
2025112600189,2,2025-11-27 03:33:11.098781,193126.7623981759,2377.3266094207124,8028.7744140625,309.5286865234375,51222.7578125,309.4893798828125,23.709491729736328,3204.786865234375,59.14080047607422,0.11682170629501343,2.3952836990356445,True,18.18539385003487,0.013365053803684203,193126.7623981759,2377.3266094207124
2025112700033,19,2025-11-28 01:47:13.254926,192949.4428250246,2833.4410640879223,6881.962890625,264.9636535644531,34113.7109375,267.27752685546875,23.90410041809082,2935.48046875,57.89580535888672,0.24434073269367218,1.6186957359313965,False,18.1863911779785,0.01594391516392431,192949.4428250246,2833.4410640879223
2025121600055,35,2025-12-17 04:31:22.567575,190511.38702089648,2456.699837788991,1414.5570068359375,306.51190185546875,28780.216796875,309.103515625,23.54024314880371,2310.600341796875,48.70882797241211,0.08821709454059601,2.2836787700653076,True,18.20019765269341,0.014000884670575421,190511.38702089648,2456.699837788991
2026010100037,15,2026-01-02 02:25:14.256660,188628.17835700043,3244.0848193438924,,,,,23.36841583251953,4991.38818359375,70.91264343261719,0.20608589053153992,2.033949613571167,False,18.210983573391744,0.01867282168733928,188628.17835700043,3244.0848193438924
2025070700567,154,2025-07-08 07:30:05.618755,181907.11441178137,2605.399251708919,-3562.760498046875,443.6600646972656,56786.95703125,451.6865539550781,23.138261795043945,2896.20947265625,54.74066925048828,0.14888738095760345,3.2323312759399414,True,18.250375788221476,0.015550663340338843,181907.11441178137,2605.399251708919
2025070700568,154,2025-07-08 07:30:43.228096,179657.91030287984,2564.676281427454,,,,,23.139562606811523,2869.82763671875,54.518917083740234,0.20875214040279388,3.2602860927581787,False,18.263884140341762,0.015499244578409194,179657.91030287984,2564.676281427454
2025070700569,154,2025-07-08 07:31:20.854394,179762.54813903462,2578.074690249924,-3272.676025390625,409.51116943359375,51022.3125,412.60186767578125,23.22581672668457,2834.163818359375,54.177215576171875,0.1089981272816658,2.966620922088623,True,18.26325196102285,0.015571146819803722,179762.54813903462,2578.074690249924
2025070700570,154,2025-07-08 07:31:58.537715,180403.67285494346,2592.6744424828707,-3790.97314453125,392.2439880371094,47401.703125,392.60784912109375,23.28007698059082,2805.27294921875,53.896671295166016,0.18212084472179413,2.7643368244171143,False,18.25938656215707,0.015603676271148682,180403.67285494346,2592.6744424828707
2025070900471,177,2025-07-10 05:26:50.867235,179547.9509495764,4601.34819767645,-4229.34521484375,750.22607421875,54737.33984375,760.9319458007812,22.52330780029297,8979.228515625,97.84589385986328,0.03545057028532028,3.128659963607788,False,18.264548866993195,0.027824602299799592,179547.9509495764,4601.34819767645
2025080900302,98,2025-08-10 07:44:17.666311,180528.7123025108,3628.6176195444664,,,,,22.7198486328125,6460.71337890625,80.36090850830078,0.05226893350481987,3.044691801071167,False,18.25863428906515,0.02182324059433228,180528.7123025108,3628.6176195444664
2025080900305,142,2025-08-10 07:46:17.011531,182077.6275572026,3685.0017759099237,-3139.28662109375,575.61279296875,52451.7421875,584.2235107421875,22.786697387695312,6393.298828125,80.10006713867188,0.04514181613922119,2.9151265621185303,False,18.24935853509206,0.021973813567218455,182077.6275572026,3685.0017759099237
2025081000256,112,2025-08-11 04:45:07.039141,176269.38597341417,3707.5478850590207,-2773.833251953125,537.1376953125,49508.625,544.887939453125,22.88602638244629,5994.42333984375,78.06095886230469,0.20552363991737366,2.7267258167266846,False,18.28455777083015,0.022836744721458007,176269.38597341417,3707.5478850590207
2025081000257,112,2025-08-11 04:45:44.755050,189631.71744679793,3611.2832009041817,-3394.18798828125,529.24658203125,45353.2734375,540.085693359375,22.89274787902832,6000.42822265625,78.14968872070312,0.21047617495059967,2.666189670562744,False,18.205222554097016,0.020676398282141396,189631.71744679793,3611.2832009041817
2025081000258,112,2025-08-11 04:46:22.707037,185306.04930701863,3718.9115474932073,,,,,22.749897003173828,5995.5439453125,78.10472106933594,0.15415045619010925,3.1097159385681152,False,18.23027600731831,0.02178966593107073,185306.04930701863,3718.9115474932073
2025081000259,112,2025-08-11 04:54:30.661223,184179.13810871931,3625.321873513688,-2921.00146484375,473.51739501953125,40524.83203125,475.0390930175781,22.9932804107666,6036.93359375,78.3874740600586,0.10501130670309067,2.3695194721221924,False,18.236898909253576,0.021371276097795138,184179.13810871931,3625.321873513688
2025081000260,112,2025-08-11 04:55:08.388112,181693.07926165563,3650.2256217719832,-3031.85400390625,486.2115783691406,42884.12890625,491.94000244140625,22.99922752380371,6038.63671875,78.38079071044922,0.021939417347311974,2.3465938568115234,False,18.25165403692688,0.021812510026241728,181693.07926165563,3650.2256217719832
2025082800170,150,2025-08-29 03:55:30.304348,183918.59615557236,2062.33893664769,-2985.00048828125,390.51544189453125,65327.94140625,395.3846435546875,23.35547637939453,1510.2235107421875,39.391990661621094,0.13075396418571472,3.4573166370391846,True,18.238435891703062,0.012174712600061009,183918.59615557236,2062.33893664769
2025090200365,22,2025-09-03 08:21:46.482052,186110.63156583195,10019.821760460236,,,,,21.98757553100586,3051.170654296875,53.98366928100586,0.09559988975524902,2.272779941558838,False,18.22557204274411,0.05845385166352995,186110.63156583195,10019.821760460236
2025090500261,18,2025-09-06 08:48:37.318275,184359.1273474662,3873.3494534364727,,,,,22.995548248291016,6717.66552734375,85.44625091552734,0.04019127041101456,2.3587658405303955,False,18.23583839062184,0.02281110675551204,184359.1273474662,3873.3494534364727
2025090600396,70,2025-09-07 06:32:55.018064,181066.13170641568,4091.478208681749,,,,,22.81105613708496,7697.064453125,89.0233154296875,0.05718402937054634,2.7463250160217285,False,18.255406941423104,0.02453394226893571,181066.13170641568,4091.478208681749
2025090600406,110,2025-09-07 06:39:27.939089,180561.43039856062,4134.821845272609,,,,,22.854476928710938,7787.4921875,90.98493194580078,0.11943984776735306,2.5085296630859375,False,18.258437533644113,0.024863149166063955,180561.43039856062,4134.821845272609
2025091500073,153,2025-09-16 02:58:56.518619,185942.91643842924,2220.8456306181806,-2843.836181640625,280.0965576171875,36224.23828125,278.9328918457031,23.75065803527832,1996.21875,45.117958068847656,0.1964949667453766,2.213425636291504,False,18.226550903981785,0.012967702951671673,185942.91643842924,2220.8456306181806
2025091500074,157,2025-09-16 02:59:36.330296,181915.47142847703,2285.1793337124427,-3109.00390625,298.516845703125,39842.828125,300.2604675292969,23.682842254638672,1979.5882568359375,45.710758209228516,0.24520862102508545,2.321924924850464,False,18.2503259094292,0.013638762648905007,181915.47142847703,2285.1793337124427
2025091500075,152,2025-09-16 03:00:15.662189,183673.4859661521,2203.911284508923,-3229.03076171875,277.0836181640625,36418.34375,277.52630615234375,23.771041870117188,1975.1728515625,45.433780670166016,0.24115869402885437,2.142249345779419,False,18.239883828474248,0.013027826314067435,183673.4859661521,2203.911284508923
2025091500078,181,2025-09-16 03:02:12.748706,183268.74662750904,2243.6518856193447,-3146.1162109375,288.74102783203125,38859.703125,288.4834289550781,23.708045959472656,1992.7437744140625,45.15052795410156,0.3154571056365967,2.277278184890747,False,18.242278975680716,0.01329203220908107,183268.74662750904,2243.6518856193447
2025091500089,173,2025-09-16 03:09:24.720599,180376.82591015683,2211.2524468180914,-4009.738037109375,346.89556884765625,50004.37109375,346.8887634277344,23.46992301940918,1891.1893310546875,44.72596740722656,0.2565571069717407,3.050558567047119,False,18.25954814905046,0.013310118011313854,180376.82591015683,2211.2524468180914
2025091800204,25,2025-09-19 06:14:30.913251,181026.11804600238,1933.0553892615962,-3244.276611328125,344.4576110839844,56911.39453125,342.9271545410156,23.50690269470215,1387.6314697265625,38.10935974121094,0.13092650473117828,3.266664981842041,True,18.255646903918862,0.011593842063114835,181026.11804600238,1933.0553892615962
2025091800219,59,2025-09-19 06:24:13.959474,184887.513684221,1901.7008668077901,-3291.81591796875,248.47915649414062,37987.79296875,246.3974609375,23.963119506835938,1373.3250732421875,37.56124496459961,0.133154958486557,2.2633297443389893,True,18.232731044454003,0.011167576655498874,184887.513684221,1901.7008668077901
2025091800220,67,2025-09-19 06:24:53.185279,184356.42902711692,1950.1491388343013,-2774.53076171875,296.5442199707031,46232.921875,294.88128662109375,23.757728576660156,1358.6512451171875,38.72013854980469,0.13235537707805634,2.6710004806518555,True,18.23585428180975,0.011485075599933912,184356.42902711692,1950.1491388343013
2025092100064,167,2025-09-22 02:09:03.601907,182971.88571258954,2510.403180558887,-3373.873291015625,457.03289794921875,63781.28515625,468.5398864746094,23.09994125366211,2357.888671875,49.604740142822266,0.04161040484905243,3.457618474960327,True,18.244039090125877,0.014896472269811686,182971.88571258954,2510.403180558887
2025102600226,83,2025-10-27 03:40:41.714520,219283.89445206005,3483.040011453572,30826.837890625,490.8317565917969,72365.71875,496.5471496582031,23.184900283813477,1823.822509765625,43.27397537231445,0.19465473294258118,2.2011399269104004,False,18.047483160973236,0.017245510220920766,219283.89445206005,3483.040011453572
2025102600227,83,2025-10-27 03:41:19.841382,216959.72078201725,3468.081902182738,30991.4375,461.9015808105469,68444.5859375,464.02874755859375,23.288970947265625,1799.168212890625,42.98023986816406,0.24813403189182281,2.0349581241607666,False,18.05905221682824,0.01735539697734686,216959.72078201725,3468.081902182738
2025110300242,4,2025-11-04 04:57:14.580045,201118.4192860779,3765.188995801217,17725.501953125,793.259765625,99597.375,813.3558349609375,22.467252731323242,5697.43408203125,76.9472427368164,0.04754370078444481,4.317158222198486,False,18.141370382583432,0.020326343181344162,201118.4192860779,3765.188995801217
2025110300243,4,2025-11-04 04:57:52.225796,199429.36862037683,3675.734588106985,19066.5546875,722.3941040039062,92127.3515625,736.7861938476562,22.5843448638916,5736.18505859375,77.18858337402344,0.04859749227762222,3.8664278984069824,False,18.150527214226145,0.020011486517746983,199429.36862037683,3675.734588106985
2025111100212,7,2025-11-12 06:03:12.400092,201285.25022593106,2534.25539023731,15728.7861328125,327.7796325683594,54410.22265625,329.0314025878906,23.6359806060791,2525.361328125,51.20362091064453,0.06014733389019966,2.0964772701263428,True,18.14047012040605,0.013669818460099051,201285.25022593106,2534.25539023731
2025111400202,47,2025-11-15 03:28:29.570178,210464.9089352237,2372.126695882678,14924.724609375,261.6108093261719,45845.40234375,265.62420654296875,23.963436126708984,2251.08935546875,47.75405502319336,0.16774936020374298,1.6915355920791626,False,18.092050760570842,0.012237212602438069,210464.9089352237,2372.126695882678
2025111600157,47,2025-11-17 02:33:34.123127,200067.78093282314,2212.7215043242386,14618.046875,334.7950744628906,62195.19921875,334.89483642578125,23.642152786254883,1821.235107421875,43.17604446411133,0.03536497801542282,2.452995538711548,True,18.14705711211403,0.01200808964387106,200067.78093282314,2212.7215043242386
2025111900107,12,2025-11-20 02:44:25.178510,198085.24693796292,2299.19769799675,13095.6279296875,293.4770202636719,50829.4921875,296.5032958984375,23.80449676513672,2037.610107421875,45.83546829223633,0.051757000386714935,2.005419969558716,True,18.157869671981818,0.012602262011937851,198085.24693796292,2299.19769799675
2025121400756,12,2025-12-15 03:09:14.710876,189027.79919437112,2265.7016497684117,1916.1407470703125,372.455322265625,49996.91796875,375.5351867675781,23.37532615661621,1875.4384765625,44.06208801269531,0.06151698902249336,3.173781156539917,True,18.208685805057385,0.013013717140113857,189027.79919437112,2265.7016497684117
2025121400765,7,2025-12-15 03:18:14.641119,185591.18076281133,2245.7917400549813,,,,,23.541744232177734,1775.7950439453125,43.23154067993164,0.03774988651275635,2.7228899002075195,True,18.228606662925536,0.01313821804733646,185591.18076281133,2245.7917400549813
2025121600054,33,2025-12-17 04:30:42.443903,185956.00387304425,2497.8506996556407,,,,,23.53097915649414,2308.91748046875,50.537147521972656,0.07507401704788208,2.257080078125,True,18.226474488048215,0.014584132172188928,185956.00387304425,2497.8506996556407
2025121600073,9,2025-12-17 04:54:07.103165,189481.21023306705,2702.6159481884406,,,,,23.419219970703125,2486.488525390625,51.63933181762695,0.19846689701080322,2.57192325592041,False,18.206084625145923,0.015486115899806674,189481.21023306705,2702.6159481884406
2025121600078,21,2025-12-17 04:57:27.699256,188087.6252921296,2629.736593331789,1860.2293701171875,305.09783935546875,39837.1796875,307.7931823730469,23.659276962280273,2382.906494140625,49.691123962402344,0.10316044092178345,1.9426982402801514,True,18.214099441800975,0.015180159906442834,188087.6252921296,2629.736593331789
2026010400104,21,2026-01-05 01:36:14.665351,178545.23765072582,2957.006544587899,,,,,23.400665283203125,3884.841796875,63.118629455566406,0.14832592010498047,2.4459924697875977,True,18.27062932320745,0.01798160009983758,178545.23765072582,2957.006544587899
